{
  "width": 30,
  "height": 20,
  "data": [
    [0, 1, 1, 1, 1, 1, 1, 1, 1, 1,-1,-1,-1,-1,-1,-1, 1, 1, 1, 1, 1, 1, 1, 1, 1, 1, 1, 1, 1, 1],
    [0, 1, 0, 0, 0,-1,-1, 0, 1, 1, 1, 0, 0, 0, 0, 0, 0, 0, 0, 1, 0, 1, 0, 0, 0, 0, 0, 1, 0, 1],
    [0, 1, 0,-1,-1,-1,-1, 0, 1, 1, 0, 0,-1,-1,-1, 0,-1,-1, 0, 1, 0, 0, 0, 0, 0, 0, 0, 0, 0, 1],
    [0, 0, 0,-1,-1, 0, 0, 0, 1, 1, 0, 0,-1,-1, 0, 0, 0,-1, 0, 1, 0, 1, 1, 1, 1, 1, 1, 1, 0, 1],
    [1, 1, 0, 1, 1, 1, 1, 0, 1, 1, 0, 0,-1,-1, 0, 0, 0,-1, 0, 1, 0, 1, 0, 0, 0, 0, 0, 1, 0, 1],
    [1, 1, 0, 1, 1, 1, 1, 0, 0, 0, 0, 0,-1,-1, 0, 0, 0,-1, 0, 1, 0, 1, 0, 0, 0, 0, 0, 1, 0, 1],
    [1, 1, 0, 1, 1, 1, 1, 0, 0, 0, 0, 0,-1,-1, 0, 0, 0,-1, 0, 0, 0, 1, 0, 0, 0, 0, 0, 0, 0, 1],
    [0, 0, 0, 0, 0, 0, 0, 0, 0, 1, 1, 0,-1,-1, 0, 0, 0,-1, 0,-1, 0, 1, 0, 0, 0, 0, 0, 1, 0, 1],
    [0, 1, 1, 1, 0, 0, 1, 1, 0, 1, 1, 0,-1,-1,-1,-1,-1,-1, 0,-1, 0, 1, 0, 0, 0, 0, 0, 1, 0, 1],
    [0, 1, 1, 1, 1, 1, 1, 1, 0, 0, 0, 0,-1,-1,-1,-1,-1,-1,-1,-1, 0, 1, 0, 0, 0, 0, 0, 1, 0, 1],
    [0, 1, 1, 1, 0, 0, 1, 1, 1, 1, 1, 1, 1, 1, 1, 1, 1, 1, 1, 1, 1, 1, 1, 1, 0, 1, 1, 1, 1, 1],
    [0, 1, 1, 1, 0, 0, 0, 0, 0, 0, 0, 0, 0, 0, 0, 0, 0, 0, 0, 0, 0, 0, 0, 1, 0, 0, 0, 0, 0, 0],
    [0, 0, 0, 1, 0, 0, 1, 1, 1, 1, 1, 1, 0, 1, 1, 1, 1, 1, 1, 1, 0, 1, 1, 1, 1, 1, 1, 1, 1, 0],
    [0, 0, 0, 1, 0, 0, 1, 1, 1, 1, 1, 0, 0, 0, 0, 1, 1, 0, 0, 0, 0, 0, 0, 1, 0, 0, 0, 0, 1, 0],
    [0, 1, 1, 1, 0, 0, 1, 1, 1, 1, 1, 0, 0, 0, 0, 1, 1, 0, 0, 0, 0, 0, 0, 0, 0, 0, 0, 0, 1, 0],
    [0, 1, 1, 1, 0, 0, 1, 1, 1, 1, 1, 0, 0, 0, 0, 1, 1, 0, 0, 0, 0, 0, 0, 1, 0, 0, 0, 0, 1, 0],
    [0, 0, 0, 0, 0,-1,-1,-1, 1, 1, 1, 0, 0, 0, 0, 1, 1, 0, 0, 0, 0, 0, 0, 1, 0, 0, 0, 0, 1, 0],
    [0, 1, 1, 1, 1,-1,-1,-1, 1, 1, 1, 1, 0, 1, 1, 1, 1, 0, 0, 0, 0, 0, 0, 1, 0, 0, 0, 0, 1, 0],
    [0, 1, 1, 1, 1,-1,-1, 0, 0, 0, 0, 0, 0, 0, 0, 0, 1, 1, 1, 1, 0, 1, 1, 1, 1, 1, 1, 1, 1, 0],
    [0, 0, 0, 0, 0,-1, 0, 0, 0, 0, 0, 0, 0, 0, 0, 0, 0, 0, 0, 0, 0, 0, 0, 0, 0, 0, 0, 0, 0, 0]
  ],
  "terrain": "terrains/dirt.terrain",
  "blueprint_set": "blueprints/mainSet.bpset.json",
  "units": [{
    "type": 0,
    "x": 0,
    "y": 0
  }, {
    "type": 0,
    "x": 14,
    "y": 13
  }, {
    "type": 0,
    "x": 2,
    "y": 12
  }, {
    "type": 1,
    "x": 1,
    "y": 12
  }, {
    "type": 2,
    "x": 12,
    "y": 15
  }, {
    "type": 3,
    "x": 17,
    "y": 13
  }, {
    "type": 3,
    "x": 22,
    "y": 13
  }, {
    "type": 4,
    "x": 4,
    "y": 14
  }]
}