{
  "pack": "default_blueprint_assets/default_blueprint_assets.atlas",
  "blueprints": [{
    "type": "misc",
    "name": "Torch",
    "index": "misc/torch/sprite",
    "idle": {
      "type": "animation",
      "region": "misc/torch/sprite",
      "origin_x": 4,
      "origin_y": 2,
      "anim_speed": 0.066666667
    }
  }, {
    "type": "loot",
    "name": "Gold Bar",
    "index": "loot/gold_bar/gold_bar",
    "idle": {
      "type": "animation",
      "region": "loot/gold_bar/gold_bar",
      "origin_x": 0,
      "origin_y": 0,
      "anim_speed": 0.066666667
    },
    "value": 1
  }, {
    "type": "player",
    "name": "Player's Hero",
    "index": "player/player_2nd_idle",
    "idle": {
      "type": "animation",
      "region": "player/player_2nd_idle",
      "origin_x": 0,
      "origin_y": 4,
      "anim_speed": 1
    },
    "max_health": 30,
    "range": 6,
    "stats": {
      "melee_attack_mean": 5,
      "melee_attack_var": 1,
      "ranged_attack_mean": 0,
      "ranged_attack_var": 0,
      "protection_mean": 3,
      "protection_var": 1
    }
  }, {
    "type": "enemy",
    "name": "Giant Scorpion",
    "index": "enemies/scorpion/scorpion_idle",
    "idle": {
      "type": "animation",
      "region": "enemies/scorpion/scorpion_idle",
      "origin_x": 0,
      "origin_y": 0,
      "anim_speed": 1
    },
    "max_health": 15,
    "range": 4,
    "stats": {
      "melee_attack_mean": 12,
      "melee_attack_var": 3,
      "ranged_attack_mean": 0,
      "ranged_attack_var": 0,
      "protection_mean": 1,
      "protection_var": 0
    }
  }, {
    "type": "gnome",
    "name": "Gnome",
    "index": "enemies/gnome/gnome_idle",
    "idle": {
      "type": "animation",
      "region": "enemies/gnome/gnome_idle",
      "origin_x": 11,
      "origin_y": 4,
      "anim_speed": 0.5
    },
    "max_health": 4,
    "range": 4,
    "stats": {
      "melee_attack_mean": 3,
      "melee_attack_var": 1,
      "ranged_attack_mean": 0,
      "ranged_attack_var": 0,
      "protection_mean": 1,
      "protection_var": 1
    }
  }]
}